mobilenetv2_0025a.webp,1
mobilenetv2_005bd.webp,3
mobilenetv2_009f7.webp,0
mobilenetv2_00a10.webp,2
mobilenetv2_00b4a.webp,2
mobilenetv2_00cd8.webp,4
mobilenetv2_00d83.webp,3
mobilenetv2_00e91.webp,1
mobilenetv2_01050.webp,1
mobilenetv2_01078.webp,2
mobilenetv2_01142.webp,3
mobilenetv2_011d0.webp,0
mobilenetv2_01439.webp,3
mobilenetv2_017b2.webp,4
mobilenetv2_01858.webp,4
mobilenetv2_01a2b.webp,3
mobilenetv2_01d66.webp,1
mobilenetv2_01e5f.webp,0
mobilenetv2_01f44.webp,0
mobilenetv2_02007.webp,4
mobilenetv2_02101.webp,0
mobilenetv2_0217c.webp,2
mobilenetv2_02346.webp,2
mobilenetv2_0274c.webp,0
mobilenetv2_027b7.webp,3
mobilenetv2_02932.webp,1
mobilenetv2_02963.webp,0
mobilenetv2_029c6.webp,1
mobilenetv2_02cc3.webp,1
mobilenetv2_03238.webp,1
mobilenetv2_03331.webp,3
mobilenetv2_033cb.webp,3
mobilenetv2_03651.webp,2
mobilenetv2_03670.webp,0
mobilenetv2_03803.webp,0
mobilenetv2_03a1e.webp,3
mobilenetv2_03b1d.webp,0
mobilenetv2_03b8d.webp,2
mobilenetv2_0430a.webp,4
mobilenetv2_04353.webp,3
mobilenetv2_043c0.webp,4
mobilenetv2_04451.webp,0
mobilenetv2_046ae.webp,0
mobilenetv2_04775.webp,3
mobilenetv2_049db.webp,4
mobilenetv2_04c94.webp,3
mobilenetv2_04c96.webp,1
mobilenetv2_04ee2.webp,1
mobilenetv2_052cc.webp,1
mobilenetv2_0568b.webp,4
mobilenetv2_05717.webp,2
mobilenetv2_05b2e.webp,0
mobilenetv2_05b48.webp,3
mobilenetv2_05e44.webp,2
mobilenetv2_05e45.webp,1
mobilenetv2_05f22.webp,3
mobilenetv2_06051.webp,1
mobilenetv2_06076.webp,1
mobilenetv2_06100.webp,1
mobilenetv2_06144.webp,1
mobilenetv2_06279.webp,4
mobilenetv2_062bc.webp,4
mobilenetv2_062ea.webp,2
mobilenetv2_0644b.webp,0
mobilenetv2_064c1.webp,3
mobilenetv2_064d8.webp,3
mobilenetv2_06913.webp,3
mobilenetv2_069b3.webp,0
mobilenetv2_06a49.webp,0
mobilenetv2_06ac1.webp,1
mobilenetv2_06b8c.webp,2
mobilenetv2_06cd7.webp,1
mobilenetv2_06d52.webp,2
mobilenetv2_07075.webp,1
mobilenetv2_071f2.webp,3
mobilenetv2_072ad.webp,1
mobilenetv2_07308.webp,0
mobilenetv2_0749c.webp,3
mobilenetv2_0760c.webp,0
mobilenetv2_07623.webp,0
mobilenetv2_07628.webp,1
mobilenetv2_077cc.webp,3
mobilenetv2_078d6.webp,1
mobilenetv2_07992.webp,2
mobilenetv2_07e5b.webp,4
mobilenetv2_07e92.webp,4
mobilenetv2_07ff8.webp,3
mobilenetv2_08311.webp,3
mobilenetv2_0886c.webp,3
mobilenetv2_08d76.webp,2
mobilenetv2_09009.webp,2
mobilenetv2_090f7.webp,2
mobilenetv2_095be.webp,4
mobilenetv2_098fd.webp,2
mobilenetv2_09bc6.webp,2
mobilenetv2_09c57.webp,0
mobilenetv2_09c85.webp,3
mobilenetv2_09df8.webp,3
mobilenetv2_09e78.webp,1
mobilenetv2_09eb3.webp,0
mobilenetv2_09edf.webp,4
mobilenetv2_0a20d.webp,3
mobilenetv2_0a4cb.webp,1
mobilenetv2_0a5c5.webp,3
mobilenetv2_0a6ab.webp,3
mobilenetv2_0a854.webp,0
mobilenetv2_0aa10.webp,4
mobilenetv2_0ada2.webp,2
mobilenetv2_0b3f0.webp,1
mobilenetv2_0b6bb.webp,1
mobilenetv2_0b803.webp,2
mobilenetv2_0bab3.webp,4
mobilenetv2_0babc.webp,2
mobilenetv2_0bdfc.webp,4
mobilenetv2_0be0c.webp,3
mobilenetv2_0be99.webp,0
mobilenetv2_0c0be.webp,4
mobilenetv2_0c0eb.webp,3
mobilenetv2_0c0ee.webp,4
mobilenetv2_0c1c3.webp,3
mobilenetv2_0c20f.webp,4
mobilenetv2_0c243.webp,0
mobilenetv2_0c49e.webp,1
mobilenetv2_0c56a.webp,3
mobilenetv2_0c758.webp,4
mobilenetv2_0c974.webp,1
mobilenetv2_0cde0.webp,2
mobilenetv2_0cef4.webp,2
mobilenetv2_0d08b.webp,1
mobilenetv2_0d2e5.webp,1
mobilenetv2_0d36a.webp,0
mobilenetv2_0d534.webp,2
mobilenetv2_0d538.webp,0
mobilenetv2_0d6d3.webp,4
mobilenetv2_0d862.webp,3
mobilenetv2_0d8b1.webp,4
mobilenetv2_0d932.webp,0
mobilenetv2_0d990.webp,1
mobilenetv2_0dd69.webp,1
mobilenetv2_0dd84.webp,1
mobilenetv2_0e12c.webp,3
mobilenetv2_0e248.webp,3
mobilenetv2_0e2b2.webp,2
mobilenetv2_0e743.webp,0
mobilenetv2_0e7cd.webp,4
mobilenetv2_0e8fd.webp,1
mobilenetv2_0e94d.webp,3
mobilenetv2_0eb93.webp,4
mobilenetv2_0ebe5.webp,0
mobilenetv2_0ee65.webp,4
mobilenetv2_0f0f2.webp,3
mobilenetv2_0f23e.webp,4
mobilenetv2_0f248.webp,1
mobilenetv2_0f6c5.webp,2
mobilenetv2_0fae4.webp,1
mobilenetv2_0fd69.webp,3
mobilenetv2_10177.webp,2
mobilenetv2_1020a.webp,1
mobilenetv2_104d6.webp,4
mobilenetv2_1079f.webp,4
mobilenetv2_107be.webp,3
mobilenetv2_10868.webp,1
mobilenetv2_10a27.webp,0
mobilenetv2_10ad7.webp,2
mobilenetv2_10de9.webp,2
mobilenetv2_11022.webp,3
mobilenetv2_11142.webp,4
mobilenetv2_112a6.webp,4
mobilenetv2_112d5.webp,2
mobilenetv2_113f1.webp,4
mobilenetv2_116ba.webp,2
mobilenetv2_1176e.webp,1
mobilenetv2_11ce2.webp,4
mobilenetv2_11ed7.webp,2
mobilenetv2_11f03.webp,2
mobilenetv2_11f61.webp,4
mobilenetv2_12049.webp,0
mobilenetv2_1231c.webp,2
mobilenetv2_12863.webp,2
mobilenetv2_129a8.webp,1
mobilenetv2_12bc0.webp,3
mobilenetv2_12cd3.webp,4
mobilenetv2_13026.webp,3
mobilenetv2_1309e.webp,2
mobilenetv2_13206.webp,2
mobilenetv2_1381a.webp,1
mobilenetv2_13e5a.webp,0
mobilenetv2_1400e.webp,0
mobilenetv2_1405d.webp,1
mobilenetv2_140ed.webp,2
mobilenetv2_14391.webp,4
mobilenetv2_14404.webp,1
mobilenetv2_147ef.webp,4
mobilenetv2_14960.webp,2
mobilenetv2_14c68.webp,3
mobilenetv2_14f0c.webp,4
mobilenetv2_1513c.webp,3
mobilenetv2_158ee.webp,4
mobilenetv2_15a43.webp,1
mobilenetv2_15d1a.webp,4
mobilenetv2_15d57.webp,0
mobilenetv2_16b2e.webp,2
mobilenetv2_16dd5.webp,3
mobilenetv2_16ed4.webp,0
mobilenetv2_1723e.webp,4
mobilenetv2_17557.webp,1
mobilenetv2_17bb0.webp,0
mobilenetv2_17de1.webp,2
mobilenetv2_1829d.webp,2
mobilenetv2_18513.webp,0
mobilenetv2_18572.webp,1
mobilenetv2_18723.webp,3
mobilenetv2_18c3e.webp,4
mobilenetv2_18dfb.webp,1
mobilenetv2_18e55.webp,4
mobilenetv2_18f19.webp,0
mobilenetv2_18f1c.webp,3
mobilenetv2_18fe1.webp,0
mobilenetv2_19869.webp,0
mobilenetv2_19879.webp,3
mobilenetv2_19881.webp,1
mobilenetv2_19969.webp,4
mobilenetv2_19b18.webp,3
mobilenetv2_19d1a.webp,3
mobilenetv2_1a51d.webp,2
mobilenetv2_1a51e.webp,0
mobilenetv2_1a550.webp,1
mobilenetv2_1a704.webp,2
mobilenetv2_1a837.webp,0
mobilenetv2_1a94a.webp,4
mobilenetv2_1abd3.webp,1
mobilenetv2_1ae49.webp,4
mobilenetv2_1b038.webp,2
mobilenetv2_1b272.webp,3
mobilenetv2_1b341.webp,4
mobilenetv2_1b3b2.webp,1
mobilenetv2_1b427.webp,2
mobilenetv2_1b5f7.webp,1
mobilenetv2_1ba99.webp,4
mobilenetv2_1be43.webp,1
mobilenetv2_1bf57.webp,0
mobilenetv2_1c1e6.webp,2
mobilenetv2_1c200.webp,3
mobilenetv2_1c4a1.webp,0
mobilenetv2_1c7c5.webp,3
mobilenetv2_1c82c.webp,1
mobilenetv2_1cd2c.webp,0
mobilenetv2_1cfc2.webp,0
mobilenetv2_1d083.webp,3
mobilenetv2_1d21c.webp,2
mobilenetv2_1d4da.webp,0
mobilenetv2_1d88f.webp,3
mobilenetv2_1db97.webp,3
mobilenetv2_1dcaf.webp,3
mobilenetv2_1dcbb.webp,3
mobilenetv2_1dd50.webp,0
mobilenetv2_1ddee.webp,0
mobilenetv2_1dee7.webp,0
mobilenetv2_1e38a.webp,1
mobilenetv2_1e460.webp,2
mobilenetv2_1e48d.webp,1
mobilenetv2_1e5ba.webp,2
mobilenetv2_1e645.webp,0
mobilenetv2_1e731.webp,2
mobilenetv2_1e737.webp,1
mobilenetv2_1e818.webp,0
mobilenetv2_1ec05.webp,2
mobilenetv2_1ec44.webp,3
mobilenetv2_1f00e.webp,2
mobilenetv2_1f0e2.webp,3
mobilenetv2_1f1c1.webp,2
mobilenetv2_1f2dd.webp,0
mobilenetv2_1f5cb.webp,3
mobilenetv2_1f973.webp,1
mobilenetv2_1fa0d.webp,0
mobilenetv2_1fbdc.webp,0
mobilenetv2_200b4.webp,4
mobilenetv2_201da.webp,3
mobilenetv2_2026b.webp,1
mobilenetv2_20343.webp,2
mobilenetv2_20a1b.webp,1
mobilenetv2_20b46.webp,3
mobilenetv2_20c1d.webp,4
mobilenetv2_20fd0.webp,3
mobilenetv2_20fed.webp,3
mobilenetv2_214b5.webp,2
mobilenetv2_217ba.webp,0
mobilenetv2_21886.webp,0
mobilenetv2_21998.webp,3
mobilenetv2_21f6a.webp,3
mobilenetv2_22201.webp,0
mobilenetv2_2246b.webp,0
mobilenetv2_22d5c.webp,3
mobilenetv2_22e46.webp,4
mobilenetv2_22fac.webp,3
mobilenetv2_23174.webp,2
mobilenetv2_23605.webp,0
mobilenetv2_2369a.webp,0
mobilenetv2_24424.webp,4
mobilenetv2_25172.webp,4
mobilenetv2_251de.webp,4
mobilenetv2_253c4.webp,4
mobilenetv2_253d5.webp,3
mobilenetv2_256eb.webp,3
mobilenetv2_25845.webp,4
mobilenetv2_2591c.webp,1
mobilenetv2_25a3a.webp,0
mobilenetv2_25db9.webp,3
mobilenetv2_26035.webp,3
mobilenetv2_2611d.webp,4
mobilenetv2_26260.webp,4
mobilenetv2_263ef.webp,3
mobilenetv2_26500.webp,3
mobilenetv2_267bf.webp,3
mobilenetv2_268e9.webp,3
mobilenetv2_269da.webp,4
mobilenetv2_26c6c.webp,1
mobilenetv2_26cd0.webp,0
mobilenetv2_27103.webp,4
mobilenetv2_2742c.webp,2
mobilenetv2_2796e.webp,2
mobilenetv2_27979.webp,4
mobilenetv2_27e74.webp,0
mobilenetv2_2810e.webp,1
mobilenetv2_2811d.webp,4
mobilenetv2_28252.webp,4
mobilenetv2_285ae.webp,0
mobilenetv2_28636.webp,0
mobilenetv2_288cc.webp,2
mobilenetv2_28e8b.webp,1
mobilenetv2_28e9c.webp,2
mobilenetv2_29006.webp,4
mobilenetv2_2901e.webp,4
mobilenetv2_2922a.webp,2
mobilenetv2_2939b.webp,2
mobilenetv2_29cf3.webp,0
mobilenetv2_29dab.webp,0
mobilenetv2_29f6d.webp,1
mobilenetv2_2a12a.webp,4
mobilenetv2_2a1d3.webp,4
mobilenetv2_2a360.webp,0
mobilenetv2_2a6cd.webp,1
mobilenetv2_2a798.webp,3
mobilenetv2_2a8a0.webp,3
mobilenetv2_2a915.webp,0
mobilenetv2_2aad7.webp,2
mobilenetv2_2ac0c.webp,2
mobilenetv2_2ad27.webp,0
mobilenetv2_2af97.webp,2
mobilenetv2_2afdc.webp,2
mobilenetv2_2b1f5.webp,3
mobilenetv2_2b305.webp,4
mobilenetv2_2b425.webp,1
mobilenetv2_2b676.webp,4
mobilenetv2_2b734.webp,1
mobilenetv2_2b74e.webp,2
mobilenetv2_2b9e8.webp,4
mobilenetv2_2bcd6.webp,0
mobilenetv2_2c209.webp,4
mobilenetv2_2c2bf.webp,0
mobilenetv2_2c2cc.webp,1
mobilenetv2_2c44d.webp,1
mobilenetv2_2c7a1.webp,2
mobilenetv2_2c959.webp,4
mobilenetv2_2c9ea.webp,0
mobilenetv2_2cb91.webp,4
mobilenetv2_2ccad.webp,2
mobilenetv2_2ccd5.webp,2
mobilenetv2_2ccdf.webp,4
mobilenetv2_2d285.webp,4
mobilenetv2_2d9e0.webp,2
mobilenetv2_2dfc8.webp,2
mobilenetv2_2e45d.webp,2
mobilenetv2_2e67f.webp,1
mobilenetv2_2e93e.webp,4
mobilenetv2_2eb07.webp,0
mobilenetv2_2ed85.webp,4
mobilenetv2_2ed87.webp,4
mobilenetv2_2efbd.webp,0
mobilenetv2_2f077.webp,4
mobilenetv2_2f6cb.webp,3
mobilenetv2_2f79e.webp,0
mobilenetv2_2f9ee.webp,4
mobilenetv2_2fd7c.webp,1
mobilenetv2_2fea5.webp,3
mobilenetv2_3010f.webp,2
mobilenetv2_301c9.webp,4
mobilenetv2_30613.webp,1
mobilenetv2_30641.webp,4
mobilenetv2_30647.webp,1
mobilenetv2_3064e.webp,4
mobilenetv2_308fa.webp,3
mobilenetv2_30f34.webp,4
mobilenetv2_31158.webp,1
mobilenetv2_31456.webp,1
mobilenetv2_319ee.webp,3
mobilenetv2_31c0c.webp,0
mobilenetv2_31cd1.webp,4
mobilenetv2_31d8c.webp,0
mobilenetv2_31e26.webp,2
mobilenetv2_31ef7.webp,3
mobilenetv2_31fe2.webp,0
mobilenetv2_32006.webp,4
mobilenetv2_32079.webp,4
mobilenetv2_32268.webp,4
mobilenetv2_325dd.webp,2
mobilenetv2_326cb.webp,0
mobilenetv2_329ad.webp,4
mobilenetv2_32a64.webp,0
mobilenetv2_331cc.webp,4
mobilenetv2_33401.webp,4
mobilenetv2_335ac.webp,4
mobilenetv2_33764.webp,3
mobilenetv2_3384a.webp,4
mobilenetv2_338c9.webp,2
mobilenetv2_339af.webp,3
mobilenetv2_33a36.webp,0
mobilenetv2_33e8a.webp,0
mobilenetv2_34541.webp,1
mobilenetv2_34569.webp,4
mobilenetv2_346c5.webp,2
mobilenetv2_34b5f.webp,4
mobilenetv2_34ca0.webp,1
mobilenetv2_34cef.webp,1
mobilenetv2_352be.webp,2
mobilenetv2_354bb.webp,4
mobilenetv2_354c5.webp,1
mobilenetv2_3554f.webp,1
mobilenetv2_355ad.webp,3
mobilenetv2_357b2.webp,4
mobilenetv2_357c1.webp,0
mobilenetv2_35840.webp,3
mobilenetv2_35902.webp,0
mobilenetv2_35ff0.webp,3
mobilenetv2_36298.webp,2
mobilenetv2_36316.webp,1
mobilenetv2_36352.webp,4
mobilenetv2_3673f.webp,1
mobilenetv2_36855.webp,1
mobilenetv2_36a04.webp,4
mobilenetv2_36b4e.webp,2
mobilenetv2_36c3a.webp,0
mobilenetv2_371a9.webp,4
mobilenetv2_373e9.webp,0
mobilenetv2_37a6f.webp,0
mobilenetv2_37b71.webp,2
mobilenetv2_37bca.webp,4
mobilenetv2_37c6a.webp,3
mobilenetv2_37c86.webp,3
mobilenetv2_37f49.webp,3
mobilenetv2_37f4b.webp,3
mobilenetv2_37fcd.webp,0
mobilenetv2_3801f.webp,0
mobilenetv2_380b1.webp,3
mobilenetv2_380f5.webp,0
mobilenetv2_38440.webp,4
mobilenetv2_38546.webp,0
mobilenetv2_387e3.webp,3
mobilenetv2_38b41.webp,1
mobilenetv2_38c6d.webp,2
mobilenetv2_39136.webp,2
mobilenetv2_39532.webp,1
mobilenetv2_3963b.webp,4
mobilenetv2_39725.webp,2
mobilenetv2_397ae.webp,0
mobilenetv2_39bba.webp,4
mobilenetv2_39bdb.webp,1
mobilenetv2_39cbc.webp,1
mobilenetv2_39e1b.webp,1
mobilenetv2_39e72.webp,0
mobilenetv2_39f4b.webp,2
mobilenetv2_3a1bc.webp,0
mobilenetv2_3a364.webp,1
mobilenetv2_3a3d6.webp,2
mobilenetv2_3a3ee.webp,1
mobilenetv2_3a686.webp,4
mobilenetv2_3a8be.webp,4
mobilenetv2_3ac64.webp,0
mobilenetv2_3ac6d.webp,3
mobilenetv2_3b059.webp,1
mobilenetv2_3b07b.webp,2
mobilenetv2_3b135.webp,2
mobilenetv2_3b2b4.webp,3
mobilenetv2_3b319.webp,2
mobilenetv2_3b831.webp,0
mobilenetv2_3bd48.webp,2
mobilenetv2_3c10f.webp,4
mobilenetv2_3c583.webp,3
mobilenetv2_3c63d.webp,4
mobilenetv2_3c95b.webp,2
mobilenetv2_3cd3c.webp,0
mobilenetv2_3ce11.webp,0
mobilenetv2_3ce80.webp,3
mobilenetv2_3cf65.webp,1
mobilenetv2_3cf99.webp,1
mobilenetv2_3d09b.webp,4
mobilenetv2_3d2c5.webp,3
mobilenetv2_3d3ab.webp,2
mobilenetv2_3d5e4.webp,1
mobilenetv2_3d61b.webp,1
mobilenetv2_3d79d.webp,3
mobilenetv2_3d9ce.webp,3
mobilenetv2_3dd0b.webp,1
mobilenetv2_3de42.webp,0
mobilenetv2_3df10.webp,1
mobilenetv2_3df6a.webp,1
mobilenetv2_3e5c3.webp,3
mobilenetv2_3e5cf.webp,3
mobilenetv2_3ece3.webp,0
mobilenetv2_3eefe.webp,0
mobilenetv2_3ef4e.webp,2
mobilenetv2_3f0ac.webp,0
mobilenetv2_3f155.webp,1
mobilenetv2_3f36d.webp,0
mobilenetv2_3f510.webp,3
mobilenetv2_3f61a.webp,2
mobilenetv2_3f939.webp,2
mobilenetv2_3fa4a.webp,3
mobilenetv2_3fd6c.webp,4
mobilenetv2_3fe81.webp,1
mobilenetv2_3ffdc.webp,4
mobilenetv2_400c1.webp,4
mobilenetv2_403f8.webp,4
mobilenetv2_409fa.webp,0
mobilenetv2_40a32.webp,3
mobilenetv2_40dc3.webp,4
mobilenetv2_40f04.webp,1
mobilenetv2_40f36.webp,4
mobilenetv2_410c6.webp,1
mobilenetv2_411fc.webp,0
mobilenetv2_41255.webp,0
mobilenetv2_41359.webp,3
mobilenetv2_417c2.webp,0
mobilenetv2_41c03.webp,0
mobilenetv2_420da.webp,0
mobilenetv2_42597.webp,2
mobilenetv2_425bd.webp,2
mobilenetv2_42c87.webp,3
mobilenetv2_42ee1.webp,1
mobilenetv2_42f79.webp,1
mobilenetv2_42fd7.webp,1
mobilenetv2_43023.webp,4
mobilenetv2_4320e.webp,3
mobilenetv2_43227.webp,2
mobilenetv2_4331a.webp,4
mobilenetv2_43467.webp,4
mobilenetv2_434c7.webp,2
mobilenetv2_43a89.webp,1
mobilenetv2_43b0d.webp,1
mobilenetv2_43b2e.webp,0
mobilenetv2_43d6b.webp,2
mobilenetv2_43def.webp,4
mobilenetv2_446a2.webp,0
mobilenetv2_44929.webp,1
mobilenetv2_44acc.webp,1
mobilenetv2_44ba8.webp,4
mobilenetv2_44f30.webp,2
mobilenetv2_45011.webp,2
mobilenetv2_45493.webp,1
mobilenetv2_45557.webp,0
mobilenetv2_4569f.webp,1
mobilenetv2_4586f.webp,1
mobilenetv2_45bf4.webp,4
mobilenetv2_45d06.webp,4
mobilenetv2_45d0e.webp,0
mobilenetv2_4645f.webp,1
mobilenetv2_4657f.webp,0
mobilenetv2_466ee.webp,0
mobilenetv2_467f8.webp,4
mobilenetv2_46820.webp,1
mobilenetv2_46b56.webp,0
mobilenetv2_471aa.webp,3
mobilenetv2_472e4.webp,2
mobilenetv2_4733b.webp,0
mobilenetv2_4737b.webp,2
mobilenetv2_4743b.webp,2
mobilenetv2_47746.webp,4
mobilenetv2_47752.webp,1
mobilenetv2_47890.webp,3
mobilenetv2_47980.webp,1
mobilenetv2_479cd.webp,0
mobilenetv2_47bf8.webp,3
mobilenetv2_47fc1.webp,2
mobilenetv2_4853e.webp,3
mobilenetv2_4879b.webp,4
mobilenetv2_48a4b.webp,0
mobilenetv2_48cf4.webp,2
mobilenetv2_48da5.webp,3
mobilenetv2_49145.webp,4
mobilenetv2_491fc.webp,3
mobilenetv2_49231.webp,0
mobilenetv2_4924f.webp,2
mobilenetv2_49632.webp,1
mobilenetv2_49755.webp,0
mobilenetv2_497cc.webp,0
mobilenetv2_49da2.webp,4
mobilenetv2_4a3d6.webp,0
mobilenetv2_4a50d.webp,2
mobilenetv2_4a5c5.webp,2
mobilenetv2_4a884.webp,0
mobilenetv2_4a8b1.webp,0
mobilenetv2_4aa40.webp,0
mobilenetv2_4ab67.webp,2
mobilenetv2_4abf9.webp,1
mobilenetv2_4abfe.webp,2
mobilenetv2_4ac84.webp,0
mobilenetv2_4add6.webp,4
mobilenetv2_4af9f.webp,0
mobilenetv2_4b097.webp,3
mobilenetv2_4b0b8.webp,1
mobilenetv2_4b0c3.webp,2
mobilenetv2_4b2ce.webp,3
mobilenetv2_4b4cd.webp,1
mobilenetv2_4b61c.webp,3
mobilenetv2_4b6a3.webp,1
mobilenetv2_4b9f3.webp,4
mobilenetv2_4bb10.webp,1
mobilenetv2_4bda6.webp,4
mobilenetv2_4be60.webp,1
mobilenetv2_4c164.webp,3
mobilenetv2_4c53d.webp,4
mobilenetv2_4c726.webp,0
mobilenetv2_4c869.webp,4
mobilenetv2_4c9a7.webp,1
mobilenetv2_4cb34.webp,4
mobilenetv2_4ceab.webp,0
mobilenetv2_4cf9b.webp,3
mobilenetv2_4d01a.webp,3
mobilenetv2_4d172.webp,2
mobilenetv2_4d1f2.webp,4
mobilenetv2_4d7a5.webp,2
mobilenetv2_4d840.webp,2
mobilenetv2_4dacc.webp,3
mobilenetv2_4dd0f.webp,2
mobilenetv2_4df36.webp,4
mobilenetv2_4e179.webp,0
mobilenetv2_4e19a.webp,2
mobilenetv2_4e207.webp,0
mobilenetv2_4e2ff.webp,2
mobilenetv2_4e330.webp,4
mobilenetv2_4e7f7.webp,0
mobilenetv2_4e8ea.webp,1
mobilenetv2_4e981.webp,1
mobilenetv2_4e999.webp,1
mobilenetv2_4e99a.webp,0
mobilenetv2_4ea42.webp,1
mobilenetv2_4eb10.webp,1
mobilenetv2_4ee5c.webp,1
mobilenetv2_4ef5d.webp,4
mobilenetv2_4ef80.webp,4
mobilenetv2_4f63c.webp,1
mobilenetv2_4f693.webp,2
mobilenetv2_4f7a4.webp,0
mobilenetv2_4f973.webp,0
mobilenetv2_4f9a5.webp,1
mobilenetv2_4fbbd.webp,4
mobilenetv2_4fcaa.webp,1
mobilenetv2_4fd24.webp,4
mobilenetv2_4ffc6.webp,0
mobilenetv2_4ffcb.webp,1
mobilenetv2_50363.webp,3
mobilenetv2_503b1.webp,1
mobilenetv2_50628.webp,4
mobilenetv2_5088d.webp,1
mobilenetv2_50993.webp,4
mobilenetv2_50a5e.webp,2
mobilenetv2_512f8.webp,1
mobilenetv2_516d9.webp,3
mobilenetv2_519ba.webp,1
mobilenetv2_520db.webp,1
mobilenetv2_52167.webp,2
mobilenetv2_528f8.webp,1
mobilenetv2_5292d.webp,2
mobilenetv2_52a2d.webp,0
mobilenetv2_52b4a.webp,3
mobilenetv2_52b70.webp,3
mobilenetv2_52dfa.webp,0
mobilenetv2_530a7.webp,4
mobilenetv2_530fc.webp,0
mobilenetv2_53288.webp,2
mobilenetv2_53396.webp,0
mobilenetv2_536af.webp,2
mobilenetv2_537b3.webp,3
mobilenetv2_537e8.webp,3
mobilenetv2_537fb.webp,0
mobilenetv2_539c2.webp,2
mobilenetv2_53d20.webp,3
mobilenetv2_53f14.webp,1
mobilenetv2_53fb7.webp,0
mobilenetv2_54112.webp,2
mobilenetv2_54135.webp,2
mobilenetv2_54327.webp,4
mobilenetv2_5438c.webp,4
mobilenetv2_543a8.webp,4
mobilenetv2_54adb.webp,2
mobilenetv2_55173.webp,2
mobilenetv2_554d8.webp,1
mobilenetv2_559fc.webp,0
mobilenetv2_55c02.webp,2
mobilenetv2_55c25.webp,3
mobilenetv2_55e79.webp,4
mobilenetv2_55f72.webp,3
mobilenetv2_5654d.webp,2
mobilenetv2_56714.webp,3
mobilenetv2_56933.webp,1
mobilenetv2_56ccb.webp,3
mobilenetv2_56f61.webp,2
mobilenetv2_57036.webp,2
mobilenetv2_57458.webp,4
mobilenetv2_57466.webp,1
mobilenetv2_575b5.webp,3
mobilenetv2_5765f.webp,4
mobilenetv2_57745.webp,3
mobilenetv2_57ba7.webp,2
mobilenetv2_58555.webp,3
mobilenetv2_586e1.webp,2
mobilenetv2_58a29.webp,3
mobilenetv2_58a37.webp,1
mobilenetv2_58aab.webp,2
mobilenetv2_58abd.webp,0
mobilenetv2_58b59.webp,4
mobilenetv2_58c5f.webp,2
mobilenetv2_58d40.webp,1
mobilenetv2_58e98.webp,0
mobilenetv2_58ef6.webp,3
mobilenetv2_5913d.webp,0
mobilenetv2_5922b.webp,2
mobilenetv2_592af.webp,2
mobilenetv2_592ec.webp,0
mobilenetv2_59355.webp,4
mobilenetv2_59414.webp,1
mobilenetv2_594b7.webp,3
mobilenetv2_59581.webp,1
mobilenetv2_595c6.webp,0
mobilenetv2_59975.webp,1
mobilenetv2_59a37.webp,4
mobilenetv2_59a39.webp,2
mobilenetv2_59eda.webp,1
mobilenetv2_59edb.webp,4
mobilenetv2_59f84.webp,0
mobilenetv2_5a266.webp,4
mobilenetv2_5a2bb.webp,0
mobilenetv2_5a32c.webp,0
mobilenetv2_5a538.webp,1
mobilenetv2_5a560.webp,4
mobilenetv2_5a8b1.webp,0
mobilenetv2_5aa4e.webp,3
mobilenetv2_5aa65.webp,0
mobilenetv2_5aada.webp,2
mobilenetv2_5ab74.webp,0
mobilenetv2_5ac2e.webp,4
mobilenetv2_5b0cf.webp,0
mobilenetv2_5b0f4.webp,4
mobilenetv2_5b1c5.webp,2
mobilenetv2_5b384.webp,1
mobilenetv2_5b42b.webp,4
mobilenetv2_5b42d.webp,1
mobilenetv2_5b8c0.webp,3
mobilenetv2_5ba1d.webp,0
mobilenetv2_5bc88.webp,2
mobilenetv2_5bdf7.webp,2
mobilenetv2_5be58.webp,4
mobilenetv2_5be6b.webp,4
mobilenetv2_5bf3d.webp,1
mobilenetv2_5bf4c.webp,4
mobilenetv2_5c0b2.webp,3
mobilenetv2_5c30a.webp,4
mobilenetv2_5c368.webp,0
mobilenetv2_5c73d.webp,0
mobilenetv2_5cb26.webp,4
mobilenetv2_5cf09.webp,0
mobilenetv2_5d455.webp,1
mobilenetv2_5d740.webp,2
mobilenetv2_5d912.webp,3
mobilenetv2_5d9d3.webp,3
mobilenetv2_5db7c.webp,1
mobilenetv2_5dceb.webp,0
mobilenetv2_5dd86.webp,1
mobilenetv2_5dd8f.webp,4
mobilenetv2_5e51f.webp,4
mobilenetv2_5e8ef.webp,1
mobilenetv2_5ea30.webp,2
mobilenetv2_5ed69.webp,1
mobilenetv2_5f125.webp,0
mobilenetv2_5f3a2.webp,3
mobilenetv2_5f645.webp,0
mobilenetv2_5f7ba.webp,0
mobilenetv2_5f98b.webp,2
mobilenetv2_5fc0f.webp,0
mobilenetv2_6007b.webp,3
mobilenetv2_60228.webp,0
mobilenetv2_603a0.webp,1
mobilenetv2_6063e.webp,4
mobilenetv2_60759.webp,2
mobilenetv2_6093a.webp,3
mobilenetv2_60aea.webp,1
mobilenetv2_60e27.webp,2
mobilenetv2_60fef.webp,2
mobilenetv2_61148.webp,3
mobilenetv2_612ae.webp,0
mobilenetv2_61453.webp,4
mobilenetv2_617f2.webp,4
mobilenetv2_61dc3.webp,3
mobilenetv2_61e74.webp,1
mobilenetv2_61fa7.webp,3
mobilenetv2_62086.webp,0
mobilenetv2_621aa.webp,4
mobilenetv2_6220c.webp,2
mobilenetv2_622d2.webp,0
mobilenetv2_623b4.webp,1
mobilenetv2_62516.webp,1
mobilenetv2_627d4.webp,3
mobilenetv2_62997.webp,0
mobilenetv2_62e37.webp,1
mobilenetv2_62f7a.webp,1
mobilenetv2_6310f.webp,4
mobilenetv2_631cc.webp,1
mobilenetv2_6323d.webp,3
mobilenetv2_6333e.webp,1
mobilenetv2_634c4.webp,2
mobilenetv2_635cc.webp,0
mobilenetv2_63870.webp,0
mobilenetv2_63ed4.webp,0
mobilenetv2_6453e.webp,1
mobilenetv2_6466b.webp,4
mobilenetv2_647c0.webp,2
mobilenetv2_64ad4.webp,4
mobilenetv2_64c69.webp,2
mobilenetv2_650de.webp,1
mobilenetv2_6511a.webp,2
mobilenetv2_6513b.webp,3
mobilenetv2_651b3.webp,3
mobilenetv2_6523a.webp,3
mobilenetv2_65277.webp,0
mobilenetv2_652f5.webp,2
mobilenetv2_654e8.webp,4
mobilenetv2_65532.webp,1
mobilenetv2_65878.webp,0
mobilenetv2_658f5.webp,1
mobilenetv2_65a01.webp,2
mobilenetv2_65acf.webp,3
mobilenetv2_65be1.webp,1
mobilenetv2_65c2d.webp,2
mobilenetv2_65f72.webp,4
mobilenetv2_6605e.webp,2
mobilenetv2_660fa.webp,3
mobilenetv2_661aa.webp,1
mobilenetv2_661c1.webp,3
mobilenetv2_66480.webp,0
mobilenetv2_665de.webp,0
mobilenetv2_66605.webp,0
mobilenetv2_667a8.webp,2
mobilenetv2_667ff.webp,4
mobilenetv2_668d8.webp,3
mobilenetv2_668ed.webp,0
mobilenetv2_66bb6.webp,2
mobilenetv2_66ddb.webp,4
mobilenetv2_6734d.webp,0
mobilenetv2_675eb.webp,1
mobilenetv2_676be.webp,2
mobilenetv2_67a0c.webp,3
mobilenetv2_67aa7.webp,3
mobilenetv2_67cf3.webp,0
mobilenetv2_67e18.webp,3
mobilenetv2_681ed.webp,4
mobilenetv2_688f7.webp,2
mobilenetv2_693d4.webp,2
mobilenetv2_69832.webp,2
mobilenetv2_69a3f.webp,4
mobilenetv2_69af1.webp,3
mobilenetv2_69af4.webp,3
mobilenetv2_69c47.webp,3
mobilenetv2_6a035.webp,1
mobilenetv2_6a2dc.webp,1
mobilenetv2_6a3a9.webp,1
mobilenetv2_6a4f2.webp,4
mobilenetv2_6a720.webp,3
mobilenetv2_6a809.webp,2
mobilenetv2_6aa6e.webp,0
mobilenetv2_6ab66.webp,4
mobilenetv2_6aee9.webp,4
mobilenetv2_6b4d5.webp,1
mobilenetv2_6b526.webp,2
mobilenetv2_6b646.webp,3
mobilenetv2_6bb48.webp,1
mobilenetv2_6bdb5.webp,2
mobilenetv2_6be34.webp,0
mobilenetv2_6c059.webp,4
mobilenetv2_6c628.webp,0
mobilenetv2_6c724.webp,4
mobilenetv2_6c8c4.webp,2
mobilenetv2_6cc08.webp,3
mobilenetv2_6ccac.webp,2
mobilenetv2_6d121.webp,1
mobilenetv2_6d25b.webp,2
mobilenetv2_6d7ab.webp,3
mobilenetv2_6d9f4.webp,2
mobilenetv2_6dbfb.webp,4
mobilenetv2_6dc63.webp,4
mobilenetv2_6ddaf.webp,0
mobilenetv2_6e16f.webp,1
mobilenetv2_6e277.webp,2
mobilenetv2_6e3b1.webp,2
mobilenetv2_6e7c1.webp,0
mobilenetv2_6ecc3.webp,2
mobilenetv2_6ed12.webp,3
mobilenetv2_6ed61.webp,3
mobilenetv2_6ee83.webp,2
mobilenetv2_6f033.webp,0
mobilenetv2_6f136.webp,4
mobilenetv2_6f1b2.webp,0
mobilenetv2_6f23d.webp,0
mobilenetv2_6f44d.webp,2
mobilenetv2_6f46e.webp,0
mobilenetv2_6f4d2.webp,3
mobilenetv2_6f556.webp,1
mobilenetv2_6f912.webp,1
mobilenetv2_6fa90.webp,3
mobilenetv2_6fd0c.webp,0
mobilenetv2_6fde9.webp,2
mobilenetv2_70315.webp,4
mobilenetv2_7034e.webp,2
mobilenetv2_703f0.webp,2
mobilenetv2_70786.webp,2
mobilenetv2_70894.webp,2
mobilenetv2_708f6.webp,0
mobilenetv2_70ce4.webp,0
mobilenetv2_70f61.webp,1
mobilenetv2_70f75.webp,4
mobilenetv2_70fac.webp,4
mobilenetv2_710d3.webp,4
mobilenetv2_7165e.webp,1
mobilenetv2_71976.webp,0
mobilenetv2_71dab.webp,4
mobilenetv2_71dbc.webp,1
mobilenetv2_71e87.webp,3
mobilenetv2_71f5b.webp,4
mobilenetv2_72121.webp,0
mobilenetv2_7274b.webp,3
mobilenetv2_728c8.webp,2
mobilenetv2_72be1.webp,0
mobilenetv2_72e74.webp,3
mobilenetv2_73006.webp,2
mobilenetv2_73082.webp,2
mobilenetv2_730bd.webp,1
mobilenetv2_73305.webp,1
mobilenetv2_733f0.webp,3
mobilenetv2_73d9c.webp,3
mobilenetv2_73fd8.webp,1
mobilenetv2_74407.webp,2
mobilenetv2_744ba.webp,3
mobilenetv2_747ab.webp,4
mobilenetv2_748bf.webp,2
mobilenetv2_750cc.webp,1
mobilenetv2_752f0.webp,2
mobilenetv2_753c0.webp,2
mobilenetv2_759cb.webp,4
mobilenetv2_75bcb.webp,4
mobilenetv2_75dce.webp,2
mobilenetv2_75ded.webp,1
mobilenetv2_76632.webp,3
mobilenetv2_76e2b.webp,1
mobilenetv2_770aa.webp,0
mobilenetv2_771d8.webp,2
mobilenetv2_7740b.webp,1
mobilenetv2_775a8.webp,4
mobilenetv2_775bb.webp,2
mobilenetv2_7774d.webp,3
mobilenetv2_7783c.webp,3
mobilenetv2_77b59.webp,3
mobilenetv2_77e49.webp,3
mobilenetv2_77fbb.webp,2
mobilenetv2_7800f.webp,1
mobilenetv2_780a5.webp,3
mobilenetv2_784d9.webp,0
mobilenetv2_78594.webp,2
mobilenetv2_787f8.webp,1
mobilenetv2_78b6b.webp,0
mobilenetv2_78b9d.webp,1
mobilenetv2_78c1c.webp,1
mobilenetv2_79003.webp,4
mobilenetv2_7914e.webp,0
mobilenetv2_7919d.webp,3
mobilenetv2_795af.webp,0
mobilenetv2_79a2a.webp,1
mobilenetv2_79b88.webp,0
mobilenetv2_79bcd.webp,1
mobilenetv2_7a47a.webp,4
mobilenetv2_7a844.webp,0
mobilenetv2_7a9fb.webp,4
mobilenetv2_7b0c3.webp,1
mobilenetv2_7b596.webp,2
mobilenetv2_7b7ad.webp,0
mobilenetv2_7b983.webp,2
mobilenetv2_7ba28.webp,1
mobilenetv2_7be12.webp,2
mobilenetv2_7c890.webp,0
mobilenetv2_7c962.webp,0
mobilenetv2_7ca65.webp,2
mobilenetv2_7ca9f.webp,4
mobilenetv2_7cbbd.webp,0
mobilenetv2_7cdb1.webp,0
mobilenetv2_7d126.webp,0
mobilenetv2_7d3ba.webp,3
mobilenetv2_7d484.webp,4
mobilenetv2_7d4f5.webp,4
mobilenetv2_7d55f.webp,3
mobilenetv2_7dbf2.webp,4
mobilenetv2_7dc0d.webp,1
mobilenetv2_7dfa8.webp,1
mobilenetv2_7e52c.webp,4
mobilenetv2_7f032.webp,2
mobilenetv2_7f1f3.webp,4
mobilenetv2_7f4f5.webp,4
mobilenetv2_7f61e.webp,2
mobilenetv2_7f997.webp,1
mobilenetv2_7fa97.webp,3
mobilenetv2_7fedc.webp,0
mobilenetv2_7ff18.webp,2
mobilenetv2_8009f.webp,3
mobilenetv2_80196.webp,4
mobilenetv2_802be.webp,1
mobilenetv2_806b0.webp,1
mobilenetv2_806e7.webp,3
mobilenetv2_809df.webp,3
mobilenetv2_810c5.webp,1
mobilenetv2_812c2.webp,0
mobilenetv2_8132f.webp,1
mobilenetv2_8169e.webp,2
mobilenetv2_81905.webp,0
mobilenetv2_819cc.webp,4
mobilenetv2_81b0e.webp,3
mobilenetv2_81ec5.webp,1
mobilenetv2_81ec6.webp,0
mobilenetv2_81f27.webp,1
mobilenetv2_820b7.webp,2
mobilenetv2_82194.webp,0
mobilenetv2_8223f.webp,2
mobilenetv2_822dc.webp,0
mobilenetv2_826f4.webp,1
mobilenetv2_82ba3.webp,4
mobilenetv2_82c94.webp,3
mobilenetv2_82dcf.webp,1
mobilenetv2_82dfc.webp,1
mobilenetv2_82e91.webp,3
mobilenetv2_8318e.webp,0
mobilenetv2_833d6.webp,4
mobilenetv2_8342b.webp,4
mobilenetv2_835c4.webp,1
mobilenetv2_835d0.webp,4
mobilenetv2_8371e.webp,1
mobilenetv2_8380b.webp,1
mobilenetv2_838a2.webp,4
mobilenetv2_838fb.webp,3
mobilenetv2_8391f.webp,0
mobilenetv2_839ab.webp,2
mobilenetv2_83a17.webp,3
mobilenetv2_83bea.webp,1
mobilenetv2_83d21.webp,4
mobilenetv2_83da5.webp,3
mobilenetv2_83e13.webp,1
mobilenetv2_83e7b.webp,3
mobilenetv2_8409d.webp,4
mobilenetv2_84223.webp,2
mobilenetv2_842dd.webp,3
mobilenetv2_845f2.webp,0
mobilenetv2_846ac.webp,2
mobilenetv2_84768.webp,4
mobilenetv2_8476c.webp,0
mobilenetv2_84781.webp,3
mobilenetv2_8497d.webp,4
mobilenetv2_84da5.webp,4
mobilenetv2_84ec2.webp,2
mobilenetv2_850e9.webp,0
mobilenetv2_85159.webp,2
mobilenetv2_85375.webp,1
mobilenetv2_85d96.webp,4
mobilenetv2_862eb.webp,3
mobilenetv2_86692.webp,2
mobilenetv2_867d9.webp,1
mobilenetv2_86967.webp,1
mobilenetv2_86a0f.webp,3
mobilenetv2_86c16.webp,1
mobilenetv2_86dff.webp,1
mobilenetv2_870c9.webp,1
mobilenetv2_871c0.webp,3
mobilenetv2_87482.webp,0
mobilenetv2_87488.webp,0
mobilenetv2_87b05.webp,3
mobilenetv2_87d27.webp,3
mobilenetv2_8819d.webp,4
mobilenetv2_881d4.webp,0
mobilenetv2_88440.webp,2
mobilenetv2_88979.webp,2
mobilenetv2_88bee.webp,1
mobilenetv2_88d02.webp,1
mobilenetv2_88e31.webp,4
mobilenetv2_8914d.webp,2
mobilenetv2_89408.webp,4
mobilenetv2_896be.webp,3
mobilenetv2_8994d.webp,4
mobilenetv2_899f2.webp,4
mobilenetv2_89b11.webp,1
mobilenetv2_89ec7.webp,4
mobilenetv2_89f85.webp,0
mobilenetv2_8a2d9.webp,2
mobilenetv2_8a6ef.webp,3
mobilenetv2_8ab03.webp,3
mobilenetv2_8af71.webp,2
mobilenetv2_8b610.webp,3
mobilenetv2_8b7d7.webp,0
mobilenetv2_8b7d8.webp,2
mobilenetv2_8b867.webp,0
mobilenetv2_8baae.webp,3
mobilenetv2_8bb59.webp,4
mobilenetv2_8bf80.webp,3
mobilenetv2_8c225.webp,2
mobilenetv2_8c2b1.webp,3
mobilenetv2_8c3bb.webp,4
mobilenetv2_8cc56.webp,3
mobilenetv2_8d4ec.webp,1
mobilenetv2_8d8e6.webp,0
mobilenetv2_8dc58.webp,4
mobilenetv2_8dd7c.webp,2
mobilenetv2_8e0d6.webp,1
mobilenetv2_8e9a2.webp,2
mobilenetv2_8e9f8.webp,2
mobilenetv2_8ea54.webp,4
mobilenetv2_8edc6.webp,0
mobilenetv2_8f2c4.webp,3
mobilenetv2_8f7b4.webp,3
mobilenetv2_8f8e9.webp,0
mobilenetv2_8fe0f.webp,3
mobilenetv2_8ff08.webp,1
mobilenetv2_90041.webp,4
mobilenetv2_903c7.webp,3
mobilenetv2_9041f.webp,1
mobilenetv2_9080b.webp,0
mobilenetv2_90830.webp,2
mobilenetv2_90889.webp,4
mobilenetv2_90fad.webp,3
mobilenetv2_90fd5.webp,2
mobilenetv2_91069.webp,3
mobilenetv2_910e6.webp,2
mobilenetv2_9168b.webp,0
mobilenetv2_91b5d.webp,3
mobilenetv2_91c14.webp,4
mobilenetv2_91da3.webp,0
mobilenetv2_91db9.webp,4
mobilenetv2_91f0d.webp,1
mobilenetv2_91fb5.webp,2
mobilenetv2_9211b.webp,1
mobilenetv2_92859.webp,4
mobilenetv2_9293c.webp,3
mobilenetv2_92ad0.webp,0
mobilenetv2_92dc8.webp,4
mobilenetv2_9301e.webp,0
mobilenetv2_930b6.webp,2
mobilenetv2_93158.webp,0
mobilenetv2_9375e.webp,1
mobilenetv2_939cd.webp,4
mobilenetv2_93c08.webp,0
mobilenetv2_93c1a.webp,2
mobilenetv2_940cb.webp,0
mobilenetv2_94179.webp,4
mobilenetv2_94294.webp,0
mobilenetv2_9483f.webp,0
mobilenetv2_948c7.webp,4
mobilenetv2_94aa4.webp,3
mobilenetv2_94e85.webp,3
mobilenetv2_94fe8.webp,3
mobilenetv2_950a4.webp,1
mobilenetv2_9562a.webp,1
mobilenetv2_956be.webp,4
mobilenetv2_95f08.webp,1
mobilenetv2_95fd5.webp,1
mobilenetv2_96017.webp,0
mobilenetv2_96120.webp,1
mobilenetv2_969b2.webp,1
mobilenetv2_96a9a.webp,1
mobilenetv2_97004.webp,0
mobilenetv2_9704b.webp,3
mobilenetv2_97128.webp,2
mobilenetv2_97134.webp,3
mobilenetv2_97283.webp,3
mobilenetv2_9743a.webp,3
mobilenetv2_97755.webp,2
mobilenetv2_9789f.webp,0
mobilenetv2_97b16.webp,0
mobilenetv2_97b7f.webp,3
mobilenetv2_97b8d.webp,2
mobilenetv2_97cf5.webp,0
mobilenetv2_97da1.webp,0
mobilenetv2_98082.webp,1
mobilenetv2_9845f.webp,1
mobilenetv2_9848d.webp,3
mobilenetv2_984f9.webp,2
mobilenetv2_985b8.webp,1
mobilenetv2_9876c.webp,4
mobilenetv2_98a5b.webp,3
mobilenetv2_98ac5.webp,1
mobilenetv2_98aea.webp,3
mobilenetv2_992d5.webp,0
mobilenetv2_994d9.webp,4
mobilenetv2_99643.webp,1
mobilenetv2_99755.webp,4
mobilenetv2_997bc.webp,2
mobilenetv2_998bc.webp,3
mobilenetv2_99ab4.webp,3
mobilenetv2_9a504.webp,1
mobilenetv2_9a751.webp,1
mobilenetv2_9aa1f.webp,4
mobilenetv2_9ab44.webp,1
mobilenetv2_9ab4a.webp,0
mobilenetv2_9aca2.webp,2
mobilenetv2_9ad2a.webp,3
mobilenetv2_9ae7b.webp,3
mobilenetv2_9b027.webp,2
mobilenetv2_9b565.webp,3
mobilenetv2_9b748.webp,3
mobilenetv2_9b87b.webp,3
mobilenetv2_9b95e.webp,2
mobilenetv2_9bac6.webp,4
mobilenetv2_9bb65.webp,3
mobilenetv2_9c032.webp,4
mobilenetv2_9c0f4.webp,1
mobilenetv2_9c994.webp,4
mobilenetv2_9ca0f.webp,0
mobilenetv2_9cb11.webp,0
mobilenetv2_9cbc0.webp,3
mobilenetv2_9cc5c.webp,1
mobilenetv2_9cc70.webp,0
mobilenetv2_9d1a3.webp,2
mobilenetv2_9d46c.webp,1
mobilenetv2_9d5d2.webp,4
mobilenetv2_9d64f.webp,2
mobilenetv2_9d6ea.webp,1
mobilenetv2_9d8aa.webp,0
mobilenetv2_9d977.webp,2
mobilenetv2_9dbbf.webp,4
mobilenetv2_9dd30.webp,1
mobilenetv2_9df5a.webp,4
mobilenetv2_9df65.webp,3
mobilenetv2_9e09b.webp,4
mobilenetv2_9e372.webp,2
mobilenetv2_9eec6.webp,4
mobilenetv2_9eed7.webp,1
mobilenetv2_9f317.webp,0
mobilenetv2_9f604.webp,1
mobilenetv2_9fd33.webp,4
mobilenetv2_a011d.webp,1
mobilenetv2_a053d.webp,4
mobilenetv2_a0585.webp,2
mobilenetv2_a0877.webp,0
mobilenetv2_a08dc.webp,2
mobilenetv2_a0c9b.webp,3
mobilenetv2_a0d6e.webp,1
mobilenetv2_a0eb5.webp,0
mobilenetv2_a0f5b.webp,3
mobilenetv2_a0ff9.webp,3
mobilenetv2_a10a2.webp,4
mobilenetv2_a1269.webp,4
mobilenetv2_a1350.webp,3
mobilenetv2_a1484.webp,4
mobilenetv2_a18bc.webp,0
mobilenetv2_a1d5d.webp,3
mobilenetv2_a2137.webp,0
mobilenetv2_a21af.webp,0
mobilenetv2_a2426.webp,3
mobilenetv2_a259e.webp,1
mobilenetv2_a267e.webp,0
mobilenetv2_a26d9.webp,1
mobilenetv2_a2fef.webp,0
mobilenetv2_a36b7.webp,1
mobilenetv2_a36fb.webp,2
mobilenetv2_a385f.webp,2
mobilenetv2_a3b01.webp,4
mobilenetv2_a3b03.webp,1
mobilenetv2_a3d51.webp,2
mobilenetv2_a3ff5.webp,1
mobilenetv2_a43fb.webp,4
mobilenetv2_a44db.webp,2
mobilenetv2_a4540.webp,4
mobilenetv2_a4763.webp,0
mobilenetv2_a4adc.webp,4
mobilenetv2_a50c4.webp,4
mobilenetv2_a5551.webp,0
mobilenetv2_a59a8.webp,3
mobilenetv2_a5b18.webp,0
mobilenetv2_a5ba2.webp,3
mobilenetv2_a5c89.webp,0
mobilenetv2_a5c93.webp,0
mobilenetv2_a5fc2.webp,3
mobilenetv2_a6405.webp,2
mobilenetv2_a654e.webp,3
mobilenetv2_a6564.webp,1
mobilenetv2_a67e2.webp,0
mobilenetv2_a696d.webp,1
mobilenetv2_a6a6b.webp,3
mobilenetv2_a6b52.webp,3
mobilenetv2_a7240.webp,2
mobilenetv2_a791e.webp,1
mobilenetv2_a7942.webp,3
mobilenetv2_a7d0b.webp,1
mobilenetv2_a7f4a.webp,3
mobilenetv2_a8170.webp,0
mobilenetv2_a8582.webp,0
mobilenetv2_a8602.webp,0
mobilenetv2_a862a.webp,3
mobilenetv2_a8f19.webp,3
mobilenetv2_a910f.webp,3
mobilenetv2_a92b4.webp,4
mobilenetv2_a93c8.webp,1
mobilenetv2_a9418.webp,3
mobilenetv2_a94ef.webp,0
mobilenetv2_a95ab.webp,1
mobilenetv2_a97c2.webp,1
mobilenetv2_a990a.webp,2
mobilenetv2_a9b78.webp,1
mobilenetv2_aa3bb.webp,4
mobilenetv2_aa3e0.webp,3
mobilenetv2_aa603.webp,3
mobilenetv2_aa7b0.webp,2
mobilenetv2_aa818.webp,1
mobilenetv2_aa877.webp,0
mobilenetv2_aa888.webp,3
mobilenetv2_aaaf9.webp,0
mobilenetv2_aabdc.webp,0
mobilenetv2_aadc3.webp,1
mobilenetv2_aafa0.webp,0
mobilenetv2_ab0ce.webp,0
mobilenetv2_ab0ee.webp,0
mobilenetv2_ab29f.webp,3
mobilenetv2_ab2b4.webp,4
mobilenetv2_ab621.webp,1
mobilenetv2_ab7ba.webp,3
mobilenetv2_ab8bf.webp,1
mobilenetv2_ab8cf.webp,0
mobilenetv2_ab910.webp,4
mobilenetv2_abc98.webp,2
mobilenetv2_ac1ba.webp,4
mobilenetv2_ac3b9.webp,2
mobilenetv2_ac518.webp,4
mobilenetv2_ac62a.webp,0
mobilenetv2_acbf3.webp,1
mobilenetv2_acc91.webp,4
mobilenetv2_acf97.webp,3
mobilenetv2_ad0ac.webp,2
mobilenetv2_ad170.webp,3
mobilenetv2_ad759.webp,3
mobilenetv2_ad9de.webp,0
mobilenetv2_ada28.webp,4
mobilenetv2_adbb3.webp,2
mobilenetv2_adcf6.webp,3
mobilenetv2_add0a.webp,2
mobilenetv2_ade7f.webp,4
mobilenetv2_ae0c5.webp,0
mobilenetv2_ae1d6.webp,1
mobilenetv2_ae390.webp,3
mobilenetv2_ae43a.webp,2
mobilenetv2_ae6eb.webp,3
mobilenetv2_aec9e.webp,4
mobilenetv2_aef59.webp,2
mobilenetv2_aefcf.webp,0
mobilenetv2_af0bf.webp,3
mobilenetv2_af155.webp,2
mobilenetv2_af276.webp,0
mobilenetv2_af647.webp,2
mobilenetv2_af691.webp,2
mobilenetv2_af82c.webp,0
mobilenetv2_af842.webp,1
mobilenetv2_afa82.webp,0
mobilenetv2_afb9c.webp,3
mobilenetv2_afe4c.webp,4
mobilenetv2_b021d.webp,1
mobilenetv2_b051b.webp,0
mobilenetv2_b0821.webp,2
mobilenetv2_b08ea.webp,4
mobilenetv2_b0a3e.webp,3
mobilenetv2_b0bcb.webp,4
mobilenetv2_b0d75.webp,3
mobilenetv2_b1188.webp,2
mobilenetv2_b131c.webp,2
mobilenetv2_b1331.webp,2
mobilenetv2_b1442.webp,2
mobilenetv2_b1920.webp,3
mobilenetv2_b19f7.webp,4
mobilenetv2_b1fe4.webp,0
mobilenetv2_b2376.webp,3
mobilenetv2_b2484.webp,2
mobilenetv2_b25c4.webp,4
mobilenetv2_b2661.webp,3
mobilenetv2_b288b.webp,2
mobilenetv2_b2a53.webp,4
mobilenetv2_b2b2f.webp,3
mobilenetv2_b2f1f.webp,0
mobilenetv2_b30fb.webp,2
mobilenetv2_b323d.webp,4
mobilenetv2_b34d1.webp,0
mobilenetv2_b3624.webp,4
mobilenetv2_b39a5.webp,3
mobilenetv2_b3f9d.webp,4
mobilenetv2_b4119.webp,0
mobilenetv2_b4475.webp,3
mobilenetv2_b449a.webp,2
mobilenetv2_b4579.webp,0
mobilenetv2_b473b.webp,4
mobilenetv2_b4781.webp,3
mobilenetv2_b48b5.webp,2
mobilenetv2_b4b2f.webp,2
mobilenetv2_b4b7b.webp,1
mobilenetv2_b4c32.webp,3
mobilenetv2_b4dd3.webp,0
mobilenetv2_b4e31.webp,2
mobilenetv2_b5162.webp,3
mobilenetv2_b53fd.webp,0
mobilenetv2_b5481.webp,4
mobilenetv2_b5740.webp,0
mobilenetv2_b59ef.webp,3
mobilenetv2_b5a6b.webp,2
mobilenetv2_b5add.webp,0
mobilenetv2_b5b06.webp,3
mobilenetv2_b5dd9.webp,3
mobilenetv2_b5f6a.webp,1
mobilenetv2_b5fab.webp,0
mobilenetv2_b61ee.webp,3
mobilenetv2_b62d1.webp,0
mobilenetv2_b671d.webp,0
mobilenetv2_b6c17.webp,0
mobilenetv2_b6c6c.webp,3
mobilenetv2_b75d2.webp,3
mobilenetv2_b7838.webp,4
mobilenetv2_b7985.webp,1
mobilenetv2_b7a8f.webp,0
mobilenetv2_b7e04.webp,2
mobilenetv2_b7e66.webp,4
mobilenetv2_b7f75.webp,2
mobilenetv2_b82a3.webp,2
mobilenetv2_b83bc.webp,3
mobilenetv2_b84f2.webp,2
mobilenetv2_b85a5.webp,3
mobilenetv2_b8666.webp,2
mobilenetv2_b86d2.webp,1
mobilenetv2_b8771.webp,3
mobilenetv2_b887d.webp,0
mobilenetv2_b88da.webp,1
mobilenetv2_b897b.webp,0
mobilenetv2_b89c1.webp,3
mobilenetv2_b8b6a.webp,3
mobilenetv2_b8b8c.webp,1
mobilenetv2_b92ac.webp,2
mobilenetv2_b9b81.webp,3
mobilenetv2_b9c9d.webp,1
mobilenetv2_b9d82.webp,4
mobilenetv2_b9dc1.webp,4
mobilenetv2_b9ec8.webp,3
mobilenetv2_ba045.webp,0
mobilenetv2_ba2c4.webp,4
mobilenetv2_baa9f.webp,1
mobilenetv2_baae1.webp,1
mobilenetv2_bac5a.webp,3
mobilenetv2_baf86.webp,0
mobilenetv2_baff9.webp,3
mobilenetv2_bb0ec.webp,0
mobilenetv2_bb110.webp,4
mobilenetv2_bb542.webp,2
mobilenetv2_bb5b8.webp,1
mobilenetv2_bb5f6.webp,1
mobilenetv2_bb71c.webp,0
mobilenetv2_bba3e.webp,1
mobilenetv2_bc47d.webp,4
mobilenetv2_bc4cb.webp,0
mobilenetv2_bc5d4.webp,0
mobilenetv2_bc79e.webp,0
mobilenetv2_bcbc5.webp,4
mobilenetv2_bccec.webp,4
mobilenetv2_bcd18.webp,1
mobilenetv2_bcd91.webp,2
mobilenetv2_bd0b8.webp,0
mobilenetv2_bd30b.webp,1
mobilenetv2_bd4cf.webp,4
mobilenetv2_bd4f8.webp,3
mobilenetv2_bd6eb.webp,2
mobilenetv2_bd792.webp,2
mobilenetv2_bd7b1.webp,4
mobilenetv2_bd87c.webp,3
mobilenetv2_bd946.webp,0
mobilenetv2_bdc02.webp,3
mobilenetv2_bdce5.webp,4
mobilenetv2_bde65.webp,0
mobilenetv2_bdfe3.webp,2
mobilenetv2_be1dd.webp,4
mobilenetv2_be379.webp,2
mobilenetv2_be59c.webp,3
mobilenetv2_be6ac.webp,4
mobilenetv2_be721.webp,4
mobilenetv2_be94f.webp,0
mobilenetv2_bed10.webp,0
mobilenetv2_bf0a2.webp,3
mobilenetv2_bf0c1.webp,4
mobilenetv2_bf10d.webp,4
mobilenetv2_bf7a5.webp,0
mobilenetv2_bf884.webp,2
mobilenetv2_bf938.webp,4
mobilenetv2_bfba7.webp,0
mobilenetv2_bfd82.webp,2
mobilenetv2_bfe1f.webp,0
mobilenetv2_bfeb6.webp,2
mobilenetv2_bff48.webp,0
mobilenetv2_bff94.webp,1
mobilenetv2_c00ff.webp,1
mobilenetv2_c0278.webp,3
mobilenetv2_c0982.webp,0
mobilenetv2_c0ada.webp,3
mobilenetv2_c0c2f.webp,2
mobilenetv2_c0cc3.webp,1
mobilenetv2_c0ecd.webp,4
mobilenetv2_c1149.webp,4
mobilenetv2_c11a6.webp,2
mobilenetv2_c1272.webp,4
mobilenetv2_c12b6.webp,0
mobilenetv2_c1304.webp,3
mobilenetv2_c165e.webp,3
mobilenetv2_c1714.webp,3
mobilenetv2_c1b00.webp,4
mobilenetv2_c1bd9.webp,2
mobilenetv2_c1c1d.webp,1
mobilenetv2_c1cda.webp,3
mobilenetv2_c20f2.webp,3
mobilenetv2_c2495.webp,1
mobilenetv2_c25fe.webp,1
mobilenetv2_c2613.webp,2
mobilenetv2_c299a.webp,2
mobilenetv2_c2c70.webp,2
mobilenetv2_c2ddf.webp,4
mobilenetv2_c2ebb.webp,0
mobilenetv2_c3545.webp,2
mobilenetv2_c37ef.webp,0
mobilenetv2_c3845.webp,0
mobilenetv2_c3cf5.webp,2
mobilenetv2_c3da3.webp,4
mobilenetv2_c486e.webp,2
mobilenetv2_c4980.webp,4
mobilenetv2_c4c06.webp,4
mobilenetv2_c4ec6.webp,1
mobilenetv2_c4fba.webp,3
mobilenetv2_c5a73.webp,1
mobilenetv2_c5ac4.webp,0
mobilenetv2_c6044.webp,0
mobilenetv2_c67f0.webp,4
mobilenetv2_c681b.webp,4
mobilenetv2_c6b04.webp,0
mobilenetv2_c6c3a.webp,2
mobilenetv2_c6c69.webp,2
mobilenetv2_c6d36.webp,3
mobilenetv2_c6d5e.webp,4
mobilenetv2_c6d77.webp,3
mobilenetv2_c6e74.webp,0
mobilenetv2_c6f3a.webp,3
mobilenetv2_c726b.webp,0
mobilenetv2_c734d.webp,2
mobilenetv2_c765a.webp,0
mobilenetv2_c7663.webp,2
mobilenetv2_c77f2.webp,2
mobilenetv2_c7a42.webp,4
mobilenetv2_c7baa.webp,1
mobilenetv2_c7e1d.webp,2
mobilenetv2_c7e30.webp,0
mobilenetv2_c7f38.webp,1
mobilenetv2_c7f3a.webp,3
mobilenetv2_c8376.webp,1
mobilenetv2_c8448.webp,4
mobilenetv2_c85ca.webp,0
mobilenetv2_c8626.webp,4
mobilenetv2_c8641.webp,1
mobilenetv2_c868f.webp,0
mobilenetv2_c872e.webp,4
mobilenetv2_c87e5.webp,2
mobilenetv2_c8a92.webp,4
mobilenetv2_c8d2f.webp,2
mobilenetv2_c8e03.webp,4
mobilenetv2_c90dd.webp,0
mobilenetv2_c92ad.webp,4
mobilenetv2_c93fc.webp,0
mobilenetv2_c94e8.webp,0
mobilenetv2_c96ae.webp,0
mobilenetv2_c9af6.webp,3
mobilenetv2_c9cbf.webp,4
mobilenetv2_c9ded.webp,2
mobilenetv2_c9ef5.webp,0
mobilenetv2_c9fd4.webp,0
mobilenetv2_ca23f.webp,4
mobilenetv2_ca41b.webp,1
mobilenetv2_caa0f.webp,3
mobilenetv2_cabd1.webp,1
mobilenetv2_cb12d.webp,0
mobilenetv2_cb4c0.webp,3
mobilenetv2_cb91b.webp,1
mobilenetv2_cba15.webp,4
mobilenetv2_cbc41.webp,4
mobilenetv2_cbd5d.webp,3
mobilenetv2_cbf26.webp,3
mobilenetv2_cbfc2.webp,1
mobilenetv2_cc0fa.webp,0
mobilenetv2_cc3cb.webp,1
mobilenetv2_cc70d.webp,0
mobilenetv2_cc81e.webp,0
mobilenetv2_cc99a.webp,3
mobilenetv2_cccce.webp,3
mobilenetv2_cdbee.webp,1
mobilenetv2_cddae.webp,0
mobilenetv2_cde57.webp,0
mobilenetv2_cdec1.webp,2
mobilenetv2_cdf96.webp,2
mobilenetv2_cdfb5.webp,4
mobilenetv2_cdfcb.webp,4
mobilenetv2_cdfcd.webp,3
mobilenetv2_ce093.webp,0
mobilenetv2_ce238.webp,3
mobilenetv2_ce36d.webp,4
mobilenetv2_ce4bd.webp,4
mobilenetv2_ce4ca.webp,4
mobilenetv2_ce583.webp,2
mobilenetv2_ce887.webp,2
mobilenetv2_ce89f.webp,4
mobilenetv2_ceae3.webp,0
mobilenetv2_cecab.webp,2
mobilenetv2_ced5a.webp,1
mobilenetv2_ceddb.webp,4
mobilenetv2_cf000.webp,3
mobilenetv2_cf1ed.webp,0
mobilenetv2_cf282.webp,1
mobilenetv2_cf4a4.webp,2
mobilenetv2_cfb70.webp,3
mobilenetv2_cfcfd.webp,2
mobilenetv2_cfea3.webp,4
mobilenetv2_d0152.webp,2
mobilenetv2_d044a.webp,1
mobilenetv2_d04e9.webp,4
mobilenetv2_d0733.webp,2
mobilenetv2_d0cc0.webp,3
mobilenetv2_d1027.webp,3
mobilenetv2_d102f.webp,3
mobilenetv2_d10e8.webp,0
mobilenetv2_d1238.webp,1
mobilenetv2_d13f5.webp,2
mobilenetv2_d14e6.webp,4
mobilenetv2_d1517.webp,0
mobilenetv2_d1601.webp,4
mobilenetv2_d168c.webp,1
mobilenetv2_d16af.webp,4
mobilenetv2_d1767.webp,4
mobilenetv2_d1995.webp,3
mobilenetv2_d1d70.webp,0
mobilenetv2_d1dee.webp,4
mobilenetv2_d22e1.webp,2
mobilenetv2_d2529.webp,2
mobilenetv2_d264b.webp,0
mobilenetv2_d2656.webp,3
mobilenetv2_d279f.webp,1
mobilenetv2_d295e.webp,0
mobilenetv2_d2b54.webp,3
mobilenetv2_d2e11.webp,1
mobilenetv2_d31de.webp,0
mobilenetv2_d3363.webp,0
mobilenetv2_d370b.webp,0
mobilenetv2_d38dd.webp,2
mobilenetv2_d3dcd.webp,1
mobilenetv2_d3f47.webp,2
mobilenetv2_d436d.webp,2
mobilenetv2_d451a.webp,1
mobilenetv2_d4558.webp,2
mobilenetv2_d4b8e.webp,2
mobilenetv2_d4dd9.webp,1
mobilenetv2_d4ea0.webp,0
mobilenetv2_d5368.webp,2
mobilenetv2_d5526.webp,2
mobilenetv2_d5a0d.webp,0
mobilenetv2_d5d14.webp,3
mobilenetv2_d6114.webp,4
mobilenetv2_d6255.webp,0
mobilenetv2_d6463.webp,1
mobilenetv2_d66e2.webp,2
mobilenetv2_d6982.webp,4
mobilenetv2_d6c12.webp,0
mobilenetv2_d6ce6.webp,3
mobilenetv2_d70b5.webp,4
mobilenetv2_d7116.webp,2
mobilenetv2_d73a7.webp,1
mobilenetv2_d77a7.webp,1
mobilenetv2_d7975.webp,1
mobilenetv2_d7f09.webp,3
mobilenetv2_d7f2e.webp,0
mobilenetv2_d7f3e.webp,3
mobilenetv2_d8229.webp,2
mobilenetv2_d85c3.webp,2
mobilenetv2_d868f.webp,0
mobilenetv2_d879a.webp,2
mobilenetv2_d87bf.webp,1
mobilenetv2_d8933.webp,1
mobilenetv2_d89d9.webp,3
mobilenetv2_d9236.webp,1
mobilenetv2_d927f.webp,4
mobilenetv2_d97b5.webp,1
mobilenetv2_d9a3b.webp,1
mobilenetv2_d9dd2.webp,0
mobilenetv2_d9e73.webp,2
mobilenetv2_d9e84.webp,3
mobilenetv2_d9ecf.webp,4
mobilenetv2_da1f7.webp,1
mobilenetv2_da1f9.webp,3
mobilenetv2_da2d1.webp,4
mobilenetv2_da607.webp,0
mobilenetv2_da7d2.webp,2
mobilenetv2_daae2.webp,3
mobilenetv2_dac9b.webp,2
mobilenetv2_dadc1.webp,4
mobilenetv2_db220.webp,4
mobilenetv2_db2b0.webp,3
mobilenetv2_db382.webp,3
mobilenetv2_db38b.webp,0
mobilenetv2_db48c.webp,0
mobilenetv2_db707.webp,0
mobilenetv2_dbb6f.webp,0
mobilenetv2_dbbcc.webp,1
mobilenetv2_dc022.webp,0
mobilenetv2_dc369.webp,1
mobilenetv2_dc397.webp,1
mobilenetv2_dc805.webp,1
mobilenetv2_dc9ba.webp,2
mobilenetv2_dcac4.webp,3
mobilenetv2_dcc85.webp,3
mobilenetv2_dccb5.webp,0
mobilenetv2_dcd8a.webp,1
mobilenetv2_dce47.webp,1
mobilenetv2_dcfe5.webp,4
mobilenetv2_dcfe8.webp,3
mobilenetv2_dd009.webp,3
mobilenetv2_dd053.webp,1
mobilenetv2_dd3c8.webp,1
mobilenetv2_dd493.webp,4
mobilenetv2_dd64c.webp,3
mobilenetv2_dd687.webp,4
mobilenetv2_dd9db.webp,1
mobilenetv2_de09c.webp,0
mobilenetv2_de36d.webp,1
mobilenetv2_de482.webp,4
mobilenetv2_de7a8.webp,1
mobilenetv2_de7a9.webp,4
mobilenetv2_de943.webp,2
mobilenetv2_de953.webp,2
mobilenetv2_deaba.webp,4
mobilenetv2_dec98.webp,3
mobilenetv2_ded42.webp,3
mobilenetv2_df054.webp,3
mobilenetv2_df439.webp,3
mobilenetv2_df6b8.webp,0
mobilenetv2_dfb8d.webp,4
mobilenetv2_dfcfb.webp,4
mobilenetv2_dff6e.webp,3
mobilenetv2_e00ac.webp,2
mobilenetv2_e00b8.webp,3
mobilenetv2_e0167.webp,2
mobilenetv2_e04bb.webp,0
mobilenetv2_e067c.webp,4
mobilenetv2_e06ba.webp,4
mobilenetv2_e0701.webp,2
mobilenetv2_e0810.webp,3
mobilenetv2_e09ca.webp,0
mobilenetv2_e0d1d.webp,1
mobilenetv2_e0e37.webp,3
mobilenetv2_e0ed3.webp,0
mobilenetv2_e13dd.webp,0
mobilenetv2_e1669.webp,0
mobilenetv2_e1746.webp,2
mobilenetv2_e1c8e.webp,2
mobilenetv2_e23a6.webp,2
mobilenetv2_e2430.webp,1
mobilenetv2_e2caa.webp,2
mobilenetv2_e2df8.webp,4
mobilenetv2_e30a7.webp,4
mobilenetv2_e312b.webp,1
mobilenetv2_e315b.webp,2
mobilenetv2_e31a7.webp,4
mobilenetv2_e31d7.webp,1
mobilenetv2_e334c.webp,4
mobilenetv2_e3464.webp,3
mobilenetv2_e38d7.webp,4
mobilenetv2_e39fe.webp,1
mobilenetv2_e3a24.webp,2
mobilenetv2_e3c44.webp,2
mobilenetv2_e40dd.webp,1
mobilenetv2_e419d.webp,2
mobilenetv2_e5191.webp,1
mobilenetv2_e53ea.webp,0
mobilenetv2_e553c.webp,2
mobilenetv2_e5808.webp,1
mobilenetv2_e587c.webp,0
mobilenetv2_e5b4c.webp,4
mobilenetv2_e5b7d.webp,1
mobilenetv2_e5bd1.webp,0
mobilenetv2_e5f46.webp,0
mobilenetv2_e6556.webp,3
mobilenetv2_e67b2.webp,1
mobilenetv2_e67d5.webp,2
mobilenetv2_e6a2b.webp,1
mobilenetv2_e6ade.webp,1
mobilenetv2_e6bdf.webp,3
mobilenetv2_e6d08.webp,2
mobilenetv2_e744b.webp,3
mobilenetv2_e75bc.webp,2
mobilenetv2_e767d.webp,1
mobilenetv2_e76fa.webp,1
mobilenetv2_e780f.webp,4
mobilenetv2_e7979.webp,3
mobilenetv2_e7a68.webp,0
mobilenetv2_e7abe.webp,3
mobilenetv2_e7b55.webp,0
mobilenetv2_e7b5a.webp,2
mobilenetv2_e7c59.webp,1
mobilenetv2_e7ce8.webp,2
mobilenetv2_e7d94.webp,3
mobilenetv2_e8029.webp,4
mobilenetv2_e841c.webp,4
mobilenetv2_e863b.webp,0
mobilenetv2_e8cba.webp,0
mobilenetv2_e8f44.webp,2
mobilenetv2_e8fc4.webp,1
mobilenetv2_e9010.webp,4
mobilenetv2_e904a.webp,1
mobilenetv2_e9768.webp,2
mobilenetv2_e9995.webp,4
mobilenetv2_e9aa8.webp,3
mobilenetv2_e9cd0.webp,3
mobilenetv2_e9d2f.webp,2
mobilenetv2_ea11c.webp,0
mobilenetv2_ea2b4.webp,4
mobilenetv2_ea3be.webp,4
mobilenetv2_ea6e7.webp,1
mobilenetv2_ea783.webp,0
mobilenetv2_ea972.webp,4
mobilenetv2_eb450.webp,4
mobilenetv2_eb477.webp,0
mobilenetv2_eb501.webp,4
mobilenetv2_eb8ed.webp,4
mobilenetv2_eb98d.webp,1
mobilenetv2_eba23.webp,1
mobilenetv2_ec382.webp,3
mobilenetv2_ec4d4.webp,0
mobilenetv2_ec5c0.webp,2
mobilenetv2_ecabb.webp,0
mobilenetv2_ecc44.webp,2
mobilenetv2_ecdaf.webp,2
mobilenetv2_ece41.webp,3
mobilenetv2_ece56.webp,2
mobilenetv2_ed2c7.webp,4
mobilenetv2_ed389.webp,1
mobilenetv2_ed454.webp,4
mobilenetv2_ed644.webp,1
mobilenetv2_ed95a.webp,1
mobilenetv2_ed97b.webp,0
mobilenetv2_edd1d.webp,1
mobilenetv2_ee002.webp,1
mobilenetv2_ee12a.webp,4
mobilenetv2_ee17a.webp,1
mobilenetv2_ee2a7.webp,0
mobilenetv2_ee486.webp,2
mobilenetv2_ee696.webp,0
mobilenetv2_eebde.webp,3
mobilenetv2_eed40.webp,4
mobilenetv2_ef179.webp,1
mobilenetv2_ef313.webp,3
mobilenetv2_ef3d9.webp,3
mobilenetv2_ef866.webp,4
mobilenetv2_efb0c.webp,1
mobilenetv2_efea7.webp,3
mobilenetv2_f02b5.webp,0
mobilenetv2_f0437.webp,0
mobilenetv2_f0a6b.webp,1
mobilenetv2_f0cad.webp,0
mobilenetv2_f1002.webp,4
mobilenetv2_f1164.webp,3
mobilenetv2_f12ee.webp,2
mobilenetv2_f1538.webp,4
mobilenetv2_f1661.webp,4
mobilenetv2_f167c.webp,0
mobilenetv2_f16a7.webp,0
mobilenetv2_f1dd7.webp,2
mobilenetv2_f218b.webp,2
mobilenetv2_f21fd.webp,1
mobilenetv2_f2224.webp,4
mobilenetv2_f2246.webp,3
mobilenetv2_f2a71.webp,2
mobilenetv2_f2b82.webp,4
mobilenetv2_f2bf6.webp,4
mobilenetv2_f2c93.webp,0
mobilenetv2_f329e.webp,2
mobilenetv2_f333f.webp,1
mobilenetv2_f33e5.webp,2
mobilenetv2_f3471.webp,3
mobilenetv2_f34b2.webp,1
mobilenetv2_f366a.webp,4
mobilenetv2_f36ab.webp,4
mobilenetv2_f375b.webp,2
mobilenetv2_f37ee.webp,1
mobilenetv2_f3966.webp,0
mobilenetv2_f3b14.webp,2
mobilenetv2_f3c0e.webp,3
mobilenetv2_f4144.webp,3
mobilenetv2_f41d2.webp,1
mobilenetv2_f4269.webp,1
mobilenetv2_f4a9f.webp,1
mobilenetv2_f4dc4.webp,0
mobilenetv2_f5033.webp,0
mobilenetv2_f51bc.webp,2
mobilenetv2_f51e1.webp,2
mobilenetv2_f5978.webp,3
mobilenetv2_f5af3.webp,4
mobilenetv2_f5b06.webp,1
mobilenetv2_f615e.webp,3
mobilenetv2_f62b1.webp,2
mobilenetv2_f6305.webp,0
mobilenetv2_f636c.webp,2
mobilenetv2_f636d.webp,2
mobilenetv2_f64d9.webp,0
mobilenetv2_f6503.webp,1
mobilenetv2_f659b.webp,1
mobilenetv2_f65a0.webp,4
mobilenetv2_f66ae.webp,0
mobilenetv2_f6f32.webp,0
mobilenetv2_f6fea.webp,1
mobilenetv2_f75c8.webp,4
mobilenetv2_f77b2.webp,1
mobilenetv2_f7851.webp,2
mobilenetv2_f7916.webp,3
mobilenetv2_f7ae1.webp,3
mobilenetv2_f8351.webp,0
mobilenetv2_f855d.webp,2
mobilenetv2_f872b.webp,4
mobilenetv2_f8aca.webp,4
mobilenetv2_f8e2d.webp,4
mobilenetv2_f8e58.webp,2
mobilenetv2_f94a1.webp,1
mobilenetv2_f9643.webp,0
mobilenetv2_f966c.webp,4
mobilenetv2_f9766.webp,2
mobilenetv2_f978b.webp,2
mobilenetv2_f9878.webp,1
mobilenetv2_f9b3b.webp,1
mobilenetv2_f9b77.webp,2
mobilenetv2_f9c57.webp,1
mobilenetv2_f9e63.webp,4
mobilenetv2_f9f8f.webp,2
mobilenetv2_fa62a.webp,0
mobilenetv2_fa855.webp,1
mobilenetv2_fa882.webp,0
mobilenetv2_fa9ce.webp,4
mobilenetv2_faa2b.webp,2
mobilenetv2_fae5f.webp,3
mobilenetv2_faf58.webp,1
mobilenetv2_faf77.webp,3
mobilenetv2_fb299.webp,2
mobilenetv2_fb3ac.webp,0
mobilenetv2_fb439.webp,3
mobilenetv2_fb4cb.webp,3
mobilenetv2_fb854.webp,4
mobilenetv2_fbe3b.webp,4
mobilenetv2_fc3af.webp,1
mobilenetv2_fc3d2.webp,4
mobilenetv2_fc429.webp,3
mobilenetv2_fc48f.webp,1
mobilenetv2_fc697.webp,3
mobilenetv2_fcf6f.webp,3
mobilenetv2_fd11c.webp,2
mobilenetv2_fd523.webp,4
mobilenetv2_fd553.webp,0
mobilenetv2_fd6ef.webp,4
mobilenetv2_fd776.webp,3
mobilenetv2_fd8a9.webp,3
mobilenetv2_fda2f.webp,3
mobilenetv2_fdba0.webp,0
mobilenetv2_fde8c.webp,1
mobilenetv2_fdf7f.webp,2
mobilenetv2_fe07a.webp,2
mobilenetv2_feadf.webp,2
mobilenetv2_fece8.webp,4
mobilenetv2_fed5b.webp,4
mobilenetv2_fedc9.webp,2
mobilenetv2_fef99.webp,3
mobilenetv2_ff104.webp,2
mobilenetv2_ff3cb.webp,4
mobilenetv2_ff449.webp,2
mobilenetv2_ff6e5.webp,3
mobilenetv2_ff7d0.webp,1
mobilenetv2_ff977.webp,2
mobilenetv2_ffae1.webp,4
mobilenetv2_ffc8a.webp,1
mobilenetv2_ffd61.webp,3
mobilenetv2_ffde4.webp,3
mobilenetv2_ffeee.webp,1
